Symbol,Series,Date,Prev Close,Open Price,High Price,Low Price,Last Price,Close Price,Average Price,Total Traded Quantity,Turnover,No. of Trades,Deliverable Qty,% Dly Qt to Traded Qty
EMMBI,EQ,1-Dec-15,88.95,90,91.5,85.3,87.7,87.4,87.95,292221,25701013.9,3781,110544,37.83
EMMBI,EQ,2-Dec-15,87.4,88.7,89.25,82.3,88.55,87.4,85.57,290948,24896651.3,3520,112822,38.78
EMMBI,EQ,3-Dec-15,87.4,88,89.15,85.1,87,87.15,86.91,173795,15104002.25,2579,65301,37.57
EMMBI,EQ,4-Dec-15,87.15,84.1,92.15,84.1,88.3,88.35,88.66,331992,29434346,2939,133505,40.21
EMMBI,EQ,7-Dec-15,88.35,89.15,94.3,88,92.45,91.85,92.04,262336,24146669.05,3062,100328,38.24
EMMBI,EQ,8-Dec-15,91.85,92.75,95.45,91.85,93.9,93.15,93.77,266494,24989932.1,2493,112856,42.35
EMMBI,EQ,9-Dec-15,93.15,94.3,95.25,83.1,86.6,85.35,88.02,327769,28848969.25,3896,160683,49.02
EMMBI,EQ,10-Dec-15,85.35,85.35,87.5,80,85.2,84.8,83.26,229492,19106818.1,4506,69444,30.26
EMMBI,EQ,11-Dec-15,84.8,86,86.5,81.5,82.4,82.75,83.89,153408,12868757,2738,58555,38.17
EMMBI,EQ,14-Dec-15,82.75,83,83.45,80.75,81.7,81.5,81.93,121673,9968094.9,2314,51882,42.64
EMMBI,EQ,15-Dec-15,81.5,82.8,85.9,77.65,85.9,83.85,82.59,71203,5880472,1657,25813,36.25
EMMBI,EQ,16-Dec-15,83.85,84.7,85.5,82.2,82.6,83.1,83.91,104870,8799986.3,1780,39496,37.66
EMMBI,EQ,17-Dec-15,83.1,83.15,89,83.15,87.2,86.8,87.16,332134,28948229.05,3030,99257,29.88
EMMBI,EQ,18-Dec-15,86.8,87,87.4,83.3,85,84.55,84.92,124736,10592926.9,2001,53321,42.75
EMMBI,EQ,21-Dec-15,84.55,84.1,85.4,82.65,84.5,84.7,83.96,161218,13536599.2,1615,88119,54.66
EMMBI,EQ,22-Dec-15,84.7,85,88.55,84.35,84.85,85.15,85.94,117564,10104030.5,1137,42016,35.74
EMMBI,EQ,23-Dec-15,85.15,85.9,87.75,85.5,85.85,85.7,86.2,63620,5484143.8,653,35308,55.5
EMMBI,EQ,24-Dec-15,85.7,85.3,87,83.1,84.2,84.8,85.75,72357,6204470.8,804,33549,46.37
EMMBI,EQ,28-Dec-15,84.8,84,86.7,83.7,84.05,84.8,84.97,81448,6920702.95,918,40418,49.62
EMMBI,EQ,29-Dec-15,84.8,85,85.8,83.05,83.4,83.4,84.25,62137,5235129.7,623,35123,56.53
EMMBI,EQ,30-Dec-15,83.4,83.15,84.75,82.5,82.75,82.75,83.4,44789,3735376.15,566,27418,61.22
EMMBI,EQ,31-Dec-15,82.75,82.55,85,82.25,84.9,84.15,84.06,58967,4956899.75,686,32171,54.56
EMMBI,EQ,1-Jan-16,84.15,84.2,85.45,83.1,84.05,84.65,84.4,51608,4355872.55,650,29804,57.75
EMMBI,EQ,4-Jan-16,84.65,85.5,86.35,83.4,83.75,84,84.6,85559,7238037.15,1652,44873,52.45
EMMBI,EQ,5-Jan-16,84,84.25,85.25,82.5,82.6,82.95,83.68,92601,7749294.05,1192,66176,71.46
EMMBI,EQ,6-Jan-16,82.95,84.1,84.1,80.15,82,81.4,82.24,85771,7054183.5,1101,51057,59.53
EMMBI,EQ,7-Jan-16,81.4,80,81.3,77,78,77.5,79.15,88931,7038755.45,1608,55968,62.93
EMMBI,EQ,8-Jan-16,77.5,77.4,83.55,75.2,76.55,76.15,76.95,121022,9312468.25,1420,70208,58.01
EMMBI,EQ,11-Jan-16,76.15,74.65,78.25,72.65,75.7,75.6,76.3,85187,6499394.4,1662,51213,60.12
EMMBI,EQ,12-Jan-16,75.6,75,76.75,71.65,72,72.6,74.31,66917,4972681.7,1347,34705,51.86
EMMBI,EQ,13-Jan-16,72.6,72.05,74.4,62,66.05,67.4,67.28,146109,9830183.3,2822,83586,57.21
EMMBI,EQ,14-Jan-16,67.4,67.4,67.4,60.8,63.2,63.5,63.13,167892,10598726.65,2421,93553,55.72
EMMBI,EQ,15-Jan-16,63.5,64.1,65.6,57,60.1,59.2,61.73,83188,5135037.8,1014,49111,59.04
EMMBI,EQ,18-Jan-16,59.2,59.6,61,51.15,51.15,52.55,54.83,133189,7302680.8,2082,68637,51.53
EMMBI,EQ,19-Jan-16,52.55,54.8,57.8,52.35,57.8,57.8,56.2,93461,5252277.7,1366,52490,56.16
EMMBI,EQ,20-Jan-16,57.8,56.9,62.9,55,60,59.9,59.5,105267,6263676.3,1445,67904,64.51
EMMBI,EQ,21-Jan-16,59.9,62.7,64.45,61.5,62.5,62.7,63.24,85077,5380390.1,1266,49737,58.46
EMMBI,EQ,22-Jan-16,62.7,66.4,68.5,64.05,65.55,66.9,67.22,94287,6338212.6,1121,54644,57.95
EMMBI,EQ,25-Jan-16,66.9,66.9,70.2,65.5,70.2,70.2,69.78,111104,7752750.85,885,79962,71.97
EMMBI,EQ,27-Jan-16,70.2,73.45,73.45,67.45,69.85,70.35,70.63,127151,8981003,2369,85118,66.94
EMMBI,EQ,28-Jan-16,70.35,72.85,73.85,70,73,72.2,72.52,141618,10269472.4,1903,57478,40.59
EMMBI,EQ,29-Jan-16,72.2,74.35,74.35,68.7,69.05,69.45,70.16,100810,7072826.35,1314,59839,59.36
EMMBI,EQ,1-Feb-16,69.45,70.8,72.8,66,66.15,66.5,69.75,93719,6536956.15,1522,45973,49.05
EMMBI,EQ,2-Feb-16,66.5,67,67.8,63.2,63.2,63.2,64.53,75948,4901112.4,1392,40729,53.63
EMMBI,EQ,3-Feb-16,63.2,61.35,63.95,60.05,62.45,61.4,60.91,76042,4631373.25,929,33246,43.72
EMMBI,EQ,4-Feb-16,61.4,64,64.45,60.55,63.5,62.9,63.57,54467,3462475.6,652,34417,63.19
EMMBI,EQ,5-Feb-16,62.9,63.45,64.5,60.15,62.55,62.05,61.66,43281,2668623,1183,19722,45.57
EMMBI,EQ,8-Feb-16,62.05,61.9,62.85,59.4,61.2,60.15,61.56,24341,1498417.5,349,12353,50.75
EMMBI,EQ,9-Feb-16,60.15,57.6,60,57.5,57.75,57.65,58.59,36882,2160777.5,982,14284,38.73
EMMBI,EQ,10-Feb-16,57.65,57.65,59.2,55,55,55.15,55.77,63282,3529183.2,776,44454,70.25
EMMBI,EQ,11-Feb-16,55.15,55.1,57.9,52.45,53,53.15,54.87,89238,4896468.15,1169,50175,56.23
EMMBI,EQ,12-Feb-16,53.15,53.15,53.3,50.5,51.5,51.7,51.07,97475,4978517.3,622,60663,62.23
EMMBI,EQ,15-Feb-16,51.7,53.7,54.25,51.5,54.25,54.25,53.73,30624,1645421.9,229,19070,62.27
EMMBI,EQ,16-Feb-16,54.25,56.8,56.8,51.95,52,52.6,53.9,41146,2217765.6,416,23551,57.24
EMMBI,EQ,17-Feb-16,52.6,53.45,53.75,50,51.05,51.45,50.99,38218,1948740.65,537,19048,49.84
EMMBI,EQ,18-Feb-16,51.45,51.8,54,51.6,52.45,51.8,53.3,48376,2578233.3,390,24193,50.01
EMMBI,EQ,19-Feb-16,51.8,53.1,53.6,51,51.8,51.9,52.36,58871,3082565.05,478,37221,63.22
EMMBI,EQ,22-Feb-16,51.9,52.8,53.7,51.15,52.1,52.35,52.51,26618,1397749.9,390,14606,54.87
EMMBI,EQ,23-Feb-16,52.35,50.4,53.85,50.4,52.9,52.8,52.05,21024,1094238.35,414,8810,41.9
EMMBI,EQ,24-Feb-16,52.8,52.4,52.6,50.3,50.3,50.65,51.26,24113,1236068.8,589,12321,51.1
EMMBI,EQ,25-Feb-16,50.65,50.2,51.5,48.2,48.25,48.5,49.15,36792,1808456.6,317,23042,62.63
EMMBI,EQ,26-Feb-16,48.5,48.5,50,46.1,46.1,46.15,47.05,38858,1828429.85,544,18739,48.22
EMMBI,EQ,29-Feb-16,46.15,48.4,48.45,44.6,48.45,47.5,46.89,39255,1840823.5,746,13724,34.96
EMMBI,EQ,1-Mar-16,47.5,49.3,49.85,48,49.85,49.85,49.58,30193,1497075.85,155,19633,65.03
EMMBI,EQ,2-Mar-16,49.85,51.4,52.3,51.4,52.3,52.3,52.23,10030,523839,70,8536,85.1
EMMBI,EQ,3-Mar-16,52.3,54.9,54.9,54,54.9,54.9,54.84,23349,1280566.65,190,19065,81.65
EMMBI,EQ,4-Mar-16,54.9,57,60.35,55.55,58.6,58.7,58.55,61853,3621764.5,667,30711,49.65
EMMBI,EQ,8-Mar-16,58.7,61,63.5,59,62.8,62.6,61.32,45598,2796280.2,617,21535,47.23
EMMBI,EQ,9-Mar-16,62.6,63,67.1,61.55,66.5,66.55,64.81,71967,4664054.4,677,42149,58.57
EMMBI,EQ,10-Mar-16,66.55,67.7,69.4,64.5,66.35,66.5,67.08,67644,4537334.3,1974,31008,45.84
EMMBI,EQ,11-Mar-16,66.5,67.7,70.75,66.1,66.6,67.1,68.08,57355,3904954.05,704,32302,56.32
EMMBI,EQ,14-Mar-16,67.1,67.05,69.9,66,66.2,66.4,67.68,38497,2605628.2,821,17948,46.62
EMMBI,EQ,15-Mar-16,66.4,66.25,67.85,66.2,66.2,66.55,66.76,28078,1874417.8,729,11709,41.7
EMMBI,EQ,16-Mar-16,66.55,66.4,67.4,63,64.75,65.4,65.4,33322,2179183.75,655,15399,46.21
EMMBI,EQ,17-Mar-16,65.4,65.1,66.85,62.05,64.15,63.15,64.91,30872,2004044.25,797,15498,50.2
EMMBI,EQ,18-Mar-16,63.15,62.6,64.7,61.25,64,64.15,63.48,35518,2254630.45,618,18434,51.9
EMMBI,EQ,21-Mar-16,64.15,64,68.7,63.5,65.8,64.65,65.75,81330,5347736.85,804,29451,36.21
EMMBI,EQ,22-Mar-16,64.65,65.65,67.85,65.2,66.7,66.1,66.84,62637,4186517.55,526,37507,59.88
EMMBI,EQ,23-Mar-16,66.1,66.4,67.85,66.25,66.8,67.05,66.84,26828,1793163.95,200,16225,60.48
EMMBI,EQ,28-Mar-16,67.05,65.15,68,65.15,66.45,65.3,66.31,28882,1915160.85,350,17898,61.97
EMMBI,EQ,29-Mar-16,65.3,65.15,67.25,63.15,63.15,63.95,64.98,41934,2724743.6,598,30760,73.35
EMMBI,EQ,30-Mar-16,63.95,65,66.7,64.85,65,65.3,65.56,21573,1414344.1,266,10825,50.18
EMMBI,EQ,31-Mar-16,65.3,65.5,65.5,64,64.5,64.8,64.9,19169,1244132.65,205,8638,45.06
EMMBI,EQ,1-Apr-16,64.8,64,68.75,63,67.25,66.95,66.74,99621,6649106,2038,42146,42.31
EMMBI,EQ,4-Apr-16,66.95,67.05,77,67.05,75,74.85,73.92,178456,13191952.8,2172,85560,47.94
EMMBI,EQ,5-Apr-16,74.85,76,78.25,75,75.45,75.7,76.57,158938,12170047.8,2227,79529,50.04
EMMBI,EQ,6-Apr-16,75.7,76.5,77.95,75.1,77.05,76.55,76.29,43671,3331847.75,872,23729,54.34
EMMBI,EQ,7-Apr-16,76.55,77,78.6,75,75.7,75.9,76.7,65194,5000397.6,914,30090,46.15
EMMBI,EQ,8-Apr-16,75.9,75.5,78.45,75.15,77,76.75,77,60079,4626278.65,892,23693,39.44
EMMBI,EQ,11-Apr-16,76.75,78.6,78.6,73.75,76,75.45,76.56,61340,4696403.5,789,24022,39.16
EMMBI,EQ,12-Apr-16,75.45,76.7,77.85,69.5,71.45,71.8,72.69,154603,11237526.45,2286,97679,63.18
EMMBI,EQ,13-Apr-16,71.8,74,74,70,71,71.05,71.7,48454,3474387.45,686,29113,60.08
EMMBI,EQ,18-Apr-16,71.05,72,72,69.6,69.65,70.05,70.6,23836,1682810.2,443,13120,55.04
EMMBI,EQ,20-Apr-16,70.05,70.05,74.5,70.05,73.35,73.6,72.66,51964,3775685.35,713,35481,68.28
EMMBI,EQ,21-Apr-16,73.6,74,74,71.05,72,71.7,72.88,28094,2047572.45,691,14012,49.88
EMMBI,EQ,22-Apr-16,71.7,72.5,73.9,71.15,71.7,72.3,72.85,34044,2480030.4,651,16605,48.78
EMMBI,EQ,25-Apr-16,72.3,72.65,75.85,70.5,72,72.35,72.65,32276,2344785.95,634,11300,35.01
EMMBI,EQ,26-Apr-16,72.35,71,72.35,70.6,71.85,71.1,71.41,21208,1514395.45,458,9468,44.64
EMMBI,EQ,27-Apr-16,71.1,71,72.5,71,71,71.55,71.83,36369,2612225.5,598,21234,58.38
EMMBI,EQ,28-Apr-16,71.55,71.15,72.1,70.15,70.15,70.25,70.73,25737,1820444.5,300,16262,63.19
EMMBI,EQ,29-Apr-16,70.25,70.15,70.5,68.05,68.2,68.55,69.46,33123,2300567.8,325,19473,58.79
EMMBI,EQ,2-May-16,68.55,68.5,71.5,68.05,68.9,68.9,69.53,19686,1368685,523,7571,38.46
EMMBI,EQ,3-May-16,68.9,71.7,82.65,71,80.8,81,80.97,1567519,126918293.8,10268,317849,20.28
EMMBI,EQ,4-May-16,81,81.3,82.15,78,79.05,78.85,79.79,347273,27709562.4,4536,107810,31.04
EMMBI,EQ,5-May-16,78.85,78.55,93.6,78.55,87.2,85.8,87.56,763089,66815563.2,10731,195070,25.56
EMMBI,EQ,6-May-16,85.8,87,92.2,85.5,89.6,88.35,89.17,418222,37293081.75,5681,107487,25.7
EMMBI,EQ,9-May-16,88.35,90.7,94.8,89.9,92,92.7,92.81,425247,39467829.85,5388,138066,32.47
EMMBI,EQ,10-May-16,92.7,93.5,93.8,88.35,89.9,89.7,90.81,206478,18749596.15,3675,85338,41.33
EMMBI,EQ,11-May-16,89.7,87,106.25,87,102,103.5,100.53,1248404,125504848.8,15983,247840,19.85
EMMBI,EQ,12-May-16,103.5,103.4,110.5,102,106,106.15,107.06,764729,81871482.7,11017,214204,28.01
EMMBI,EQ,13-May-16,106.15,107.35,109.5,104.5,106.55,105.75,106.62,212411,22646511.55,3139,62062,29.22
EMMBI,EQ,16-May-16,105.75,106.1,112.75,106.1,108,108.5,110.22,685490,75557656.4,7013,182611,26.64
EMMBI,EQ,17-May-16,108.5,109,111.7,99.2,99.9,101.55,105.5,1338653,141230588.3,18957,269129,20.1
EMMBI,EQ,18-May-16,101.55,100.05,121.8,95.95,104.5,104.75,104.38,627733,65524781.6,8055,150738,24.01
EMMBI,EQ,19-May-16,104.75,104.75,110,103.5,106,105.8,107.11,346507,37115620.25,4332,112026,32.33
EMMBI,EQ,20-May-16,105.8,107.65,108,97.7,101.9,99.9,102.73,223717,22982628.35,2965,86029,38.45
EMMBI,EQ,23-May-16,99.9,103,104.2,97,97.45,98.35,99.87,160086,15987438.2,2571,54307,33.92
EMMBI,EQ,24-May-16,98.35,99,99.5,95.3,95.3,96.2,96.61,179670,17357935.95,2427,68003,37.85
EMMBI,EQ,25-May-16,96.2,96,103.9,96,101.5,101.25,101.2,262374,26553493.45,3320,84987,32.39
EMMBI,EQ,26-May-16,101.25,100,101.9,96.1,98.65,98.4,98.74,149702,14781162.8,2295,53473,35.72
EMMBI,EQ,27-May-16,98.4,102.95,104.3,100.7,102.2,102.55,102.86,242913,24985852.15,2553,109474,45.07
EMMBI,EQ,30-May-16,102.55,103.4,104.5,100.5,102.55,102.3,102.87,75767,7794272.05,768,36518,48.2
EMMBI,EQ,31-May-16,102.3,103.4,104,99.2,101.75,101.1,101.36,93654,9492748.05,1215,32356,34.55
EMMBI,EQ,1-Jun-16,101.1,100.55,105.45,100.55,101.85,101.9,103.51,192310,19906228.25,2407,57261,29.78
EMMBI,EQ,2-Jun-16,101.9,102.2,105.9,100.6,105.5,105,104.09,303584,31598872.5,2755,93762,30.89
EMMBI,EQ,3-Jun-16,105,105.85,110,105.4,106.6,106.35,107.99,276205,29827356.55,2426,127925,46.32
EMMBI,EQ,6-Jun-16,106.35,106.5,107.75,104,104.7,105.2,105.72,83435,8820506.7,1177,27414,32.86
EMMBI,EQ,7-Jun-16,105.2,105.85,107.2,103.6,104.3,104.5,105.08,65917,6926680.4,767,17398,26.39
EMMBI,EQ,8-Jun-16,104.5,104.45,109.4,103.1,106.45,106.9,106.18,174115,18487973.2,1934,40128,23.05
EMMBI,EQ,9-Jun-16,106.9,105.1,107.85,103.4,104.4,104.25,105.85,75285,7968691.45,940,21164,28.11
EMMBI,EQ,10-Jun-16,104.25,104.1,107.4,104.1,104.25,104.7,105.65,86557,9144496.05,886,33941,39.21
EMMBI,EQ,13-Jun-16,104.7,103.9,103.9,100.9,101,101.45,102.01,64206,6549729.85,782,36162,56.32
EMMBI,EQ,14-Jun-16,101.45,102.4,103.5,92.5,99.3,98.75,99.04,121527,12035657.75,1562,50571,41.61
EMMBI,EQ,15-Jun-16,98.75,98.6,108,98.6,107.35,106.75,105.06,247907,26044229,2992,103682,41.82
EMMBI,EQ,16-Jun-16,106.75,106.9,106.9,101.75,106.1,106,104.67,123218,12897372.4,1327,60798,49.34
EMMBI,EQ,17-Jun-16,106,106.9,109.65,105.5,107.8,108.25,108.15,220658,23864050.65,2007,88559,40.13
EMMBI,EQ,20-Jun-16,108.25,106.1,108.9,106.1,106.1,106.75,107.08,66562,7127519.75,813,22443,33.72
EMMBI,EQ,21-Jun-16,106.75,106.5,107.45,104,105,104.5,105.34,55954,5894201.35,655,31157,55.68
EMMBI,EQ,22-Jun-16,104.5,104,107,103,106.9,105.6,104.79,64595,6768853.4,716,33136,51.3
EMMBI,EQ,23-Jun-16,105.6,106.45,106.85,99.9,100,101.9,102.87,94397,9710839.9,681,69940,74.09
EMMBI,EQ,24-Jun-16,101.9,93.2,99.85,93.2,99,98.95,97.18,92594,8998151.15,1202,45084,48.69
EMMBI,EQ,27-Jun-16,98.95,97.35,102,97.35,100.15,100.45,100.97,32614,3293170.55,382,14975,45.92
EMMBI,EQ,28-Jun-16,100.45,102,104.9,97.55,104.9,103.6,103.18,88722,9154347.85,738,53697,60.52
EMMBI,EQ,29-Jun-16,103.6,104.7,124.3,103.3,119,121.45,118.64,1039647,123345734.5,10773,253751,24.41
EMMBI,EQ,30-Jun-16,121.45,119.85,120.8,114.75,116.05,116.8,117.36,311175,36520457.65,3665,110327,35.45
EMMBI,EQ,1-Jul-16,116.8,116.9,118.9,113,113.15,113.75,116.17,210647,24470823.9,1907,71885,34.13
EMMBI,EQ,4-Jul-16,113.75,114.4,116.9,112.75,114,113.65,114.28,82598,9439447.25,1063,36786,44.54
EMMBI,EQ,5-Jul-16,113.65,112.6,114,110.15,111,111.35,111.81,78993,8832211.35,896,44046,55.76
EMMBI,EQ,7-Jul-16,111.35,111.35,119.8,110.5,114,113.9,115.89,219906,25484030.5,3449,75688,34.42
EMMBI,EQ,8-Jul-16,113.9,114.6,114.85,112,112.9,112.9,113.22,50764,5747362.95,675,25477,50.19
EMMBI,EQ,11-Jul-16,112.9,114.3,117,113.1,114,113.8,114.43,48849,5589844.1,484,16511,33.8
EMMBI,EQ,12-Jul-16,113.8,113.95,115.5,113,113,113.2,113.7,36595,4160718.95,468,19120,52.25
EMMBI,EQ,13-Jul-16,113.2,113.95,114.95,105.3,108.9,109.35,109.56,95594,10473174.45,1237,44194,46.23
EMMBI,EQ,14-Jul-16,109.35,110,114,110,110.55,110.85,111.5,86060,9595427.25,892,44276,51.45
EMMBI,EQ,15-Jul-16,110.85,110.15,112.65,108,110.75,109.5,110.58,61203,6768085.15,904,30510,49.85
EMMBI,EQ,18-Jul-16,109.5,115,122.75,112,118.65,119.55,120.03,741895,89049766.95,9050,194336,26.19
EMMBI,EQ,19-Jul-16,119.55,119.2,121.8,115.1,117,116.75,118.36,242624,28716044.9,2945,76726,31.62
EMMBI,EQ,20-Jul-16,116.75,117,118.1,115.05,116.7,116.7,116.95,95985,11225415.75,1263,41019,42.73
EMMBI,EQ,21-Jul-16,116.7,118,120.25,116.1,116.3,116.9,118.12,124082,14656272.3,1185,70212,56.59
EMMBI,EQ,22-Jul-16,116.9,116.25,117.95,113.1,114.5,113.75,115.45,79852,9219191.1,897,46547,58.29
EMMBI,EQ,25-Jul-16,113.75,115,118.7,115,117,116.75,117.2,125274,14682151.45,1618,61634,49.2
EMMBI,EQ,26-Jul-16,116.75,116.75,117.5,114,115.8,114.45,115.95,75533,8757857.2,853,46960,62.17
EMMBI,EQ,27-Jul-16,114.45,115.45,116.5,113.3,113.55,114.15,114.8,43577,5002436.65,722,18218,41.81
EMMBI,EQ,28-Jul-16,114.15,114.5,119,114,116.95,117,116.28,60519,7037318.2,830,32799,54.2
EMMBI,EQ,29-Jul-16,117,117,118.9,115,117.5,117,117.01,58534,6848996.65,1084,35627,60.87
EMMBI,EQ,1-Aug-16,117,117.8,126.1,117.4,121,120.65,121.94,294723,35938550.8,3893,105782,35.89
EMMBI,EQ,2-Aug-16,120.65,120.5,124.75,119.55,121.25,120.15,121.9,81636,9951224.45,1126,43675,53.5
EMMBI,EQ,3-Aug-16,120.15,120.15,125,119.1,122.85,122.05,121.9,117398,14310692.3,1332,65219,55.55
EMMBI,EQ,4-Aug-16,122.05,123.15,125.8,113.55,116.25,116.9,118.22,561501,66379303.15,8055,140759,25.07
EMMBI,EQ,5-Aug-16,116.9,119.5,122,116.5,118.45,118.9,119.41,120859,14431326.8,2016,60597,50.14
EMMBI,EQ,8-Aug-16,118.9,120,122.4,118,118.05,118.3,119.97,56228,6745810.1,1160,25623,45.57
EMMBI,EQ,9-Aug-16,118.3,118,119.75,116,117.25,117.5,117.44,65070,7641601.45,1036,30759,47.27
EMMBI,EQ,10-Aug-16,117.5,116.65,118.8,115.05,115.5,115.75,116.11,55127,6400594.85,847,24844,45.07
EMMBI,EQ,11-Aug-16,115.75,116.8,120.95,115.05,120.8,119.95,118.44,125678,14884907.65,2020,76952,61.23
EMMBI,EQ,12-Aug-16,119.95,120.4,122.8,116.7,120.6,120.85,119.81,120111,14390836.5,1264,76802,63.94
EMMBI,EQ,16-Aug-16,120.85,120.9,123.5,119.7,121.4,122.2,121.27,67347,8167405.05,946,37921,56.31
EMMBI,EQ,17-Aug-16,122.2,122.5,125.9,120,124.8,124.05,123.2,85186,10494508.25,939,48227,56.61
EMMBI,EQ,18-Aug-16,124.05,124.95,136.9,124.95,129,128.95,132.48,457497,60608068.2,6119,151995,33.22
EMMBI,EQ,19-Aug-16,128.95,128.95,128.95,126.1,126.2,126.8,127.42,77139,9829299.6,1137,43367,56.22
EMMBI,EQ,22-Aug-16,126.8,127.95,128.4,125,125,125.45,126.86,52166,6617955.75,815,36577,70.12
EMMBI,EQ,23-Aug-16,125.45,125.2,131.45,123.8,125.4,125.55,127.27,86770,11043434.7,1778,43414,50.03
EMMBI,EQ,24-Aug-16,125.55,125.75,136.45,124,132.7,132.95,131.83,320781,42287161.7,3714,141518,44.12
EMMBI,EQ,25-Aug-16,132.95,133.9,133.9,130,130.9,131.35,131.5,66519,8747276.45,1160,38746,58.25
EMMBI,EQ,26-Aug-16,131.35,133.2,134,127.5,127.5,128.25,130.06,43569,5666777.7,792,28984,66.52
EMMBI,EQ,29-Aug-16,128.25,129.8,131.5,127,127.55,128.15,129.18,54939,7097202,1030,31316,57
EMMBI,EQ,30-Aug-16,128.15,127.75,137,127.65,135.05,135.2,133.9,224815,30102126.05,2757,74399,33.09
EMMBI,EQ,31-Aug-16,135.2,135,135.8,129,129,130,132.01,121270,16009306.7,1806,67200,55.41
EMMBI,EQ,1-Sep-16,130,130.9,131,128.4,128.4,128.95,129.69,33771,4379797,518,23355,69.16
EMMBI,EQ,2-Sep-16,128.95,128.95,131.95,127.5,129.4,128.65,129.5,30126,3901356.3,579,19924,66.14
EMMBI,EQ,6-Sep-16,128.65,129.5,131.5,127.65,127.65,128.3,128.87,51214,6599806.45,629,33864,66.12
EMMBI,EQ,7-Sep-16,128.3,130,132.4,127.1,128,127.5,129.48,74925,9701309.9,836,19591,26.15
EMMBI,EQ,8-Sep-16,127.5,129.15,130.5,127.1,128.05,127.95,128.84,56522,7282012.15,535,36670,64.88
EMMBI,EQ,9-Sep-16,127.95,128.1,129.45,125,127.1,126.35,126.97,31176,3958323.05,516,16699,53.56
EMMBI,EQ,12-Sep-16,126.35,124,135.8,123.1,124.6,125.55,129.74,188343,24435676.4,2603,79453,42.19
EMMBI,EQ,14-Sep-16,125.55,127.95,129.4,126,128.5,128.5,128.34,64964,8337364.35,619,36073,55.53
EMMBI,EQ,15-Sep-16,128.5,128.75,130.05,123.5,125.5,125.5,126.26,100683,12712455.55,1048,65656,65.21
EMMBI,EQ,16-Sep-16,125.5,126,131.1,126,127,126.85,128.88,128757,16594416.25,1462,56932,44.22
EMMBI,EQ,19-Sep-16,126.85,127.05,129,125.1,125.8,126.15,126.44,41438,5239504.05,948,25502,61.54
EMMBI,EQ,20-Sep-16,126.15,126.3,127.2,124.3,124.4,125.4,125.81,49547,6233337.85,660,33180,66.97
EMMBI,EQ,21-Sep-16,125.4,124.45,135.3,124.4,130,129.7,131.6,189205,24898917.9,2831,60633,32.05
EMMBI,EQ,22-Sep-16,129.7,129.75,134.2,128.05,131.5,131.25,131.79,68677,9050851.3,1369,29388,42.79
EMMBI,EQ,23-Sep-16,131.25,130.8,133.8,128.5,129,129.5,130.8,34891,4563745.2,487,19635,56.28
EMMBI,EQ,26-Sep-16,129.5,129.45,130.95,126.05,127.75,127.65,129.06,78901,10183049.75,1746,15680,19.87
EMMBI,EQ,27-Sep-16,127.65,127,129.9,126.6,127,126.95,127.84,18086,2312055.65,284,14484,80.08
EMMBI,EQ,28-Sep-16,126.95,126.75,130.4,126.75,129,128.45,128.77,26856,3458293.6,416,18233,67.89
EMMBI,EQ,29-Sep-16,128.45,128.4,130.7,103.1,120,117.65,120.15,115679,13898725.65,1434,78370,67.75
EMMBI,EQ,30-Sep-16,117.65,114,122.95,111,121.95,121.85,120.68,55657,6716906.1,675,39163,70.36
EMMBI,EQ,3-Oct-16,121.85,122,126.9,122,126.1,125.7,124.78,28455,3550642.75,690,17716,62.26
EMMBI,EQ,4-Oct-16,125.7,125.9,128,124,125.6,125.15,125.56,28417,3568118.3,415,19717,69.38
EMMBI,EQ,5-Oct-16,125.15,125.15,127.8,123.25,124,123.6,124.23,31625,3928875.65,671,22371,70.74
EMMBI,EQ,6-Oct-16,123.6,121.5,125.9,121.5,122.15,122.2,122.7,83776,10279312.45,817,63210,75.45
EMMBI,EQ,7-Oct-16,122.2,122.5,127,122.5,127,125.4,124.63,50954,6350246.65,738,36164,70.97
EMMBI,EQ,10-Oct-16,125.4,127.5,132.25,125.1,129.7,128.75,129.61,104636,13561995.2,1536,54426,52.01
EMMBI,EQ,13-Oct-16,128.75,128.5,132.4,126.35,129.75,128.8,129.65,146201,18955028.55,2170,35569,24.33
EMMBI,EQ,14-Oct-16,128.8,129,129.5,123.6,126.1,127.6,127.44,65981,8408290.8,1015,17713,26.85
EMMBI,EQ,17-Oct-16,127.6,128.9,131,126.7,129.5,128.8,129.3,110015,14224644.3,1288,31416,28.56
EMMBI,EQ,18-Oct-16,128.8,128.5,130.4,128.2,128.5,128.85,129.03,67378,8693745.9,979,21075,31.28
EMMBI,EQ,19-Oct-16,128.85,128.85,130.5,128,128.1,128.3,129.23,31461,4065844.1,562,15418,49.01
EMMBI,EQ,20-Oct-16,128.3,130.4,131.5,125.7,126.8,127.3,128.92,95396,12298495.05,1282,44868,47.03
EMMBI,EQ,21-Oct-16,127.3,127.05,129.1,126,126,126.5,127.55,42694,5445452.75,783,18461,43.24
EMMBI,EQ,24-Oct-16,126.5,126,136,126,134.9,134.4,132.78,200134,26572897.15,2121,112360,56.14
EMMBI,EQ,25-Oct-16,134.4,135.4,140,133.25,133.55,134.1,137.24,215909,29631853.1,2522,95169,44.08
EMMBI,EQ,26-Oct-16,134.1,134,136.25,132.1,133.95,133.05,134.8,52746,7110039.9,936,21247,40.28
EMMBI,EQ,27-Oct-16,133.05,133.6,133.95,129.8,131.5,131.4,131.54,36110,4750008.8,594,19755,54.71
EMMBI,EQ,28-Oct-16,131.4,131.2,134.9,129.15,131,131.35,131.64,38343,5047460.1,475,20256,52.83
EMMBI,EQ,30-Oct-16,131.35,132,138.4,132,134.7,135.05,135.27,29746,4023600.95,388,23307,78.35
EMMBI,EQ,1-Nov-16,135.05,137.95,137.95,132.5,133,133.65,134.32,26943,3619055.8,410,16697,61.97
EMMBI,EQ,2-Nov-16,133.65,132.05,133.95,126,129,128.8,129.81,40281,5228846.7,787,22417,55.65
EMMBI,EQ,3-Nov-16,128.8,128,129.8,124,125.75,126.1,127.24,98080,12480171.25,1320,70721,72.11
EMMBI,EQ,4-Nov-16,126.1,125.8,127,121.8,121.9,122.8,123.9,33360,4133217.7,723,20157,60.42
EMMBI,EQ,7-Nov-16,122.8,124.95,130.4,124,127.45,128.2,127.92,54088,6918729.05,1178,34143,63.12
EMMBI,EQ,8-Nov-16,128.2,128.55,130.5,127,128,128.6,129.44,39148,5067296.95,638,26380,67.39
EMMBI,EQ,9-Nov-16,128.6,120,129.8,108.1,127,127.65,123.89,87157,10797744.1,1327,53327,61.18
EMMBI,EQ,10-Nov-16,127.65,130.2,133.9,127.05,127.7,128,129.45,23077,2987282.7,465,14351,62.19
EMMBI,EQ,11-Nov-16,128,127.65,129.5,118.4,125,123.4,125.78,33492,4212534.15,741,15608,46.6
EMMBI,EQ,15-Nov-16,123.4,123.2,125.25,114,116.05,115.3,117.23,49595,5814096.6,1266,33107,66.75
EMMBI,EQ,16-Nov-16,115.3,117.5,124,113.05,114.9,115.05,116.09,45876,5325648.55,1126,28488,62.1
EMMBI,EQ,17-Nov-16,115.05,117.6,117.6,114.1,114.25,114.5,115.43,19258,2222930.35,267,15021,78
EMMBI,EQ,18-Nov-16,114.5,113,115.95,111,115.8,115.05,114.17,47712,5447501.5,896,33954,71.16
EMMBI,EQ,21-Nov-16,115.05,113.05,117.5,111.1,112.05,112.35,112.89,35840,4046068.75,841,25145,70.16
EMMBI,EQ,22-Nov-16,112.35,114.45,116.7,109,115,114.55,111.69,27206,3038626.65,728,18938,69.61
EMMBI,EQ,23-Nov-16,114.55,113.1,116.35,113.05,113.25,114.05,114.48,16153,1849251.25,348,13023,80.62
EMMBI,EQ,24-Nov-16,114.05,116,116,113.2,114,114.2,114.96,15909,1828831.5,528,9712,61.05
EMMBI,EQ,25-Nov-16,114.2,116,118.8,115.25,117.4,117.6,117.24,28258,3312909.2,605,19441,68.8
EMMBI,EQ,28-Nov-16,117.6,117.5,128.5,116.15,128,126.25,123.77,91037,11267921.85,1356,62738,68.91
EMMBI,EQ,29-Nov-16,126.25,128.45,128.45,125,126,125.7,126.51,16533,2091602.45,322,10919,66.04
EMMBI,EQ,30-Nov-16,125.7,128.6,128.6,123.4,125,124.45,125.13,29687,3714794,503,22064,74.32
EMMBI,EQ,1-Dec-16,124.45,128,128,121.5,122.8,122.75,124.07,16080,1995014.25,500,8281,51.5
EMMBI,EQ,2-Dec-16,122.75,121,124,119.5,120.5,121.2,121.33,30472,3697249.55,490,17787,58.37
EMMBI,EQ,5-Dec-16,121.2,121.2,122.45,118.1,120.25,121.15,120.87,12766,1543078.1,365,7401,57.97
EMMBI,EQ,6-Dec-16,121.15,122,124,120.05,121.5,121.95,122.02,6405,781547.15,236,4020,62.76
EMMBI,EQ,7-Dec-16,121.95,121.6,123.8,120,121.75,121.35,121.74,9214,1121700.45,343,4866,52.81
EMMBI,EQ,8-Dec-16,121.35,121.35,123.75,120.8,121.35,121.65,122.42,13558,1659789,442,7595,56.02
EMMBI,EQ,9-Dec-16,121.65,120.25,123,119.5,119.9,120.5,121,11416,1381333.7,225,9653,84.56
EMMBI,EQ,12-Dec-16,120.5,123.7,124,119.3,119.5,119.5,120.77,10896,1315935.45,320,7070,64.89
EMMBI,EQ,13-Dec-16,119.5,119,121.75,118.5,118.55,119.2,119.78,22685,2717223.55,457,14191,62.56
EMMBI,EQ,14-Dec-16,119.2,118.05,119.75,116.7,118.1,118.05,117.7,20425,2403930.45,388,14249,69.76
EMMBI,EQ,15-Dec-16,118.05,117.95,121.45,117,119.25,119.8,119.47,15550,1857748.6,541,10038,64.55
EMMBI,EQ,16-Dec-16,119.8,118,122.75,118,119.35,119.6,120.83,25243,3050198.6,506,16208,64.21
EMMBI,EQ,19-Dec-16,119.6,119,122,116.5,120.5,120,120.42,17416,2097195.1,473,11900,68.33
EMMBI,EQ,20-Dec-16,120,119.4,121.4,118.1,120.5,120.45,120.79,27419,3311966,347,22865,83.39
EMMBI,EQ,21-Dec-16,120.45,122.4,123,117.7,118.2,118.5,119.61,6859,820428.1,276,3997,58.27
EMMBI,EQ,22-Dec-16,118.5,117.05,119.8,115.3,116,115.8,116.96,17092,1999131.5,345,12396,72.53
EMMBI,EQ,23-Dec-16,115.8,115.15,119.5,115.15,119,118.4,117.24,24983,2929009.15,750,10127,40.54
EMMBI,EQ,26-Dec-16,118.4,117,119.3,114,117.4,116.2,116.76,16660,1945175,487,10010,60.08
EMMBI,EQ,27-Dec-16,116.2,117.4,117.4,114.6,115.05,115.65,115.96,12300,1426268.65,296,8538,69.41
EMMBI,EQ,28-Dec-16,115.65,117.2,119.6,115.25,115.75,116.75,117.48,29146,3424145.3,602,16391,56.24
EMMBI,EQ,29-Dec-16,116.75,116.5,121.95,116.35,116.6,117.45,118.89,41470,4930481.7,809,20743,50.02
EMMBI,EQ,30-Dec-16,117.45,118.45,119,116.6,116.7,116.9,117.61,9616,1130950.35,268,6224,64.73
EMMBI,EQ,2-Jan-17,116.9,119.95,119.95,117,119.4,118.85,118.45,10320,1222394.45,395,6779,65.69
EMMBI,EQ,3-Jan-17,118.85,119.5,137,117.65,134,134.3,131.5,226308,29758910.7,3826,80767,35.69
EMMBI,EQ,4-Jan-17,134.3,135,144,132.55,139.8,140.55,139.49,299990,41844857.65,5965,91981,30.66
EMMBI,EQ,5-Jan-17,140.55,140,146,137.85,142,142.45,142.34,292812,41679789.25,4916,81721,27.91
EMMBI,EQ,6-Jan-17,142.45,142.45,142.8,134.55,136.05,136.45,137.82,128271,17678718.6,1989,61786,48.17
EMMBI,EQ,9-Jan-17,136.45,137.7,138.2,134,135.65,136.3,136.98,21409,2932579.2,589,13414,62.66
EMMBI,EQ,10-Jan-17,136.3,136,139.5,135,139,138.8,137.85,37785,5208780.9,595,29002,76.76
EMMBI,EQ,11-Jan-17,138.8,141.7,142,138,141,141.1,140.16,92148,12915657.55,1033,69767,75.71
EMMBI,EQ,12-Jan-17,141.1,141.45,142,136,136.6,136.35,138.31,29792,4120400.9,505,23759,79.75
EMMBI,EQ,13-Jan-17,136.35,137,140,136.5,137.15,137.8,138.2,29435,4067976.3,556,18265,62.05
EMMBI,EQ,16-Jan-17,137.8,138.95,145.95,134.55,142.5,141.55,142.25,148647,21145521.25,3350,64596,43.46
EMMBI,EQ,17-Jan-17,141.55,142.2,145.7,135.55,136.5,137.85,141.4,133037,18811282.45,2719,63177,47.49
EMMBI,EQ,18-Jan-17,137.85,139.5,142,137.65,139.45,139.6,139.53,30587,4267819.65,1477,19948,65.22
EMMBI,EQ,19-Jan-17,139.6,140.7,141.9,137.7,139.45,139.9,139.49,27135,3785065.5,1397,17800,65.6
EMMBI,EQ,20-Jan-17,139.9,141.4,143,136,137.3,137.15,138.42,18059,2499784.75,1032,13096,72.52
EMMBI,EQ,23-Jan-17,137.15,137.15,140.1,136.05,140.1,139.25,137.73,29548,4069612.95,810,17426,58.98
EMMBI,EQ,24-Jan-17,139.25,139,141,137.8,138.15,139.15,139.2,23536,3276197,679,12893,54.78
EMMBI,EQ,25-Jan-17,139.15,138.9,140.05,138,139.5,138.75,138.92,15733,2185568.55,610,12902,82.01
EMMBI,EQ,27-Jan-17,138.75,138.85,140.1,135,137.5,136.35,137.88,24614,3393841.9,830,17390,70.65
EMMBI,EQ,30-Jan-17,136.35,133,138.05,133,134.8,135.65,136.46,14317,1953719.3,386,10551,73.7
EMMBI,EQ,31-Jan-17,135.65,135.5,138,131,131.9,132.1,133.73,30788,4117172.5,937,17389,56.48
EMMBI,EQ,1-Feb-17,132.1,132,140,130.55,140,139.45,136.79,58770,8039005.15,1913,30057,51.14
EMMBI,EQ,2-Feb-17,139.45,139.45,144.75,138,140.6,141.5,142.08,53195,7557860.35,1415,28200,53.01
EMMBI,EQ,3-Feb-17,141.5,144,144,139,142,140.9,141.46,34870,4932693.1,763,24756,71
EMMBI,EQ,6-Feb-17,140.9,143.8,143.8,134.1,137.4,137.4,136.89,40847,5591712.35,1646,28141,68.89
EMMBI,EQ,7-Feb-17,137.4,137,139.3,128.95,131,130.55,133.6,103919,13883849.55,2353,74668,71.85
EMMBI,EQ,8-Feb-17,130.55,133.5,136,128.1,132.6,133.25,133.7,69436,9283354.8,2329,24943,35.92
EMMBI,EQ,9-Feb-17,133.25,133.05,135.45,133,134.05,134.35,134.26,16682,2239804.1,806,12253,73.45
EMMBI,EQ,10-Feb-17,134.35,134.2,135.7,132.25,133,133.7,134.31,22671,3044886.5,680,13869,61.18
EMMBI,EQ,13-Feb-17,133.7,133,134.9,129,133,130.65,130.9,35940,4704703.6,613,23697,65.93
EMMBI,EQ,14-Feb-17,130.65,133.95,134,127.2,128.6,130.9,131.03,24162,3165962.55,1701,12932,53.52
EMMBI,EQ,15-Feb-17,130.9,131.95,131.95,127.5,128.3,128.35,128.75,14471,1863099.7,357,9991,69.04
EMMBI,EQ,16-Feb-17,128.35,128,136,128,134.4,134.5,132.57,20658,2738579.6,1180,16020,77.55
EMMBI,EQ,17-Feb-17,134.5,135,139.9,131.6,138.2,137.4,136.54,51799,7072663.1,1423,38714,74.74
EMMBI,EQ,20-Feb-17,137.4,137.05,138.45,131.9,135.1,135.85,136.48,19961,2724322.6,529,11494,57.58
EMMBI,EQ,21-Feb-17,135.85,135.5,136.85,130,131.8,132.3,132.55,41010,5436076.6,852,29850,72.79
EMMBI,EQ,22-Feb-17,132.3,131.8,135,131.1,134.8,133.95,133.55,15912,2124997.3,551,9945,62.5
EMMBI,EQ,23-Feb-17,133.95,135,136.85,130.5,132.65,133.4,132.17,18476,2441894.55,561,12807,69.32
EMMBI,EQ,27-Feb-17,133.4,135.9,136.8,129.55,133.5,134.85,132.64,29956,3973239.45,527,18202,60.76
EMMBI,EQ,28-Feb-17,134.85,134.3,134.9,130.6,132.1,133.25,132.68,15997,2122506.1,385,8699,54.38
EMMBI,EQ,1-Mar-17,133.25,132.55,135.5,131.4,131.5,131.95,132.58,14761,1956961.05,366,11549,78.24
EMMBI,EQ,2-Mar-17,131.95,132,135.25,128.2,129,129.1,131.39,32829,4313344.6,866,20825,63.43
EMMBI,EQ,3-Mar-17,129.1,129.95,132.5,128.9,131.25,131.65,130.98,14605,1913031.95,465,10600,72.58
EMMBI,EQ,6-Mar-17,131.65,132.95,135.8,131.6,134.25,133.95,134.56,34717,4671691.7,725,26672,76.83
EMMBI,EQ,7-Mar-17,133.95,134.8,136.05,134.15,134.75,134.6,135.11,29092,3930522.95,459,20862,71.71
EMMBI,EQ,8-Mar-17,134.6,134.9,136,131.1,134,133.8,134.61,32802,4415508.3,790,23190,70.7
EMMBI,EQ,9-Mar-17,133.8,134.95,136,133.8,135.1,135.4,135.37,28466,3853503.45,562,24244,85.17
EMMBI,EQ,10-Mar-17,135.4,133.1,138.5,133.1,138,136.55,136.22,57743,7865981.3,949,44018,76.23
EMMBI,EQ,14-Mar-17,136.55,137,139.5,136.55,138.2,138.65,138.15,30580,4224484.6,453,18118,59.25
EMMBI,EQ,15-Mar-17,138.65,138.65,142,138.15,140.05,141.5,140.54,51999,7308080.65,701,40440,77.77
EMMBI,EQ,16-Mar-17,141.5,142.05,144,141.25,142.85,142.25,142.68,44357,6328812.9,415,35112,79.16
EMMBI,EQ,17-Mar-17,142.25,140,143.5,139.1,140,140.5,141.95,45090,6400363.35,554,34269,76
EMMBI,EQ,20-Mar-17,140.5,141.9,143,136.55,137.5,137.15,138.56,18089,2506346.95,435,11105,61.39
EMMBI,EQ,21-Mar-17,137.15,137,138.8,133.8,135.8,136.35,136.13,17698,2409238.85,320,14733,83.25
EMMBI,EQ,22-Mar-17,136.35,136.3,142.05,134,140,140.15,138.96,39754,5524175.8,873,24881,62.59
EMMBI,EQ,23-Mar-17,140.15,139.5,141.55,138,139.25,139.9,140.2,24271,3402825.4,215,22053,90.86
EMMBI,EQ,24-Mar-17,139.9,139.5,141.5,137.6,140,140.35,139.97,41713,5838414.95,464,32473,77.85
EMMBI,EQ,27-Mar-17,140.35,139.5,142,138.55,140.15,140.55,140.46,22740,3194052.15,263,16746,73.64
EMMBI,EQ,28-Mar-17,140.55,141,158,140.15,149.5,149.8,153.12,524790,80355047.9,7303,135553,25.83
EMMBI,EQ,29-Mar-17,149.8,150.9,154.5,150,151.95,151.45,152.43,126400,19266678.55,1921,56503,44.7
EMMBI,EQ,30-Mar-17,151.45,151.05,155,150.65,153.8,152.6,153.31,36908,5658296.55,578,22079,59.82
EMMBI,EQ,31-Mar-17,152.6,153.5,154,150,152.05,152,152.21,18986,2889899.05,391,13286,69.98
EMMBI,EQ,3-Apr-17,152,153,158.25,152.95,157,156.5,156.47,63209,9890327.8,946,41267,65.29
EMMBI,EQ,5-Apr-17,156.5,157.7,162,155.45,158,159.65,159.51,77892,12424536.55,2378,38300,49.17
EMMBI,EQ,6-Apr-17,159.65,160.9,164.8,155.15,159.5,161.1,159.81,75489,12063946.1,2156,40347,53.45
EMMBI,EQ,7-Apr-17,161.1,160,160.05,157.5,159,159.1,158.78,43441,6897489.1,1650,31795,73.19
EMMBI,EQ,10-Apr-17,159.1,161.9,164.8,158.1,160.9,160.1,159.86,24746,3955975.85,1889,14621,59.08
EMMBI,EQ,11-Apr-17,160.1,160.8,161.2,158.5,159,159.7,159.5,24995,3986776.8,917,17939,71.77
EMMBI,EQ,12-Apr-17,159.7,163.5,163.5,152.1,157.15,158,157.22,32568,5120231,1260,22019,67.61
EMMBI,EQ,13-Apr-17,158,158.25,161.85,156.65,159,159.7,159.83,40125,6413085.1,506,31874,79.44
EMMBI,EQ,17-Apr-17,159.7,162.6,170,159,164.65,164.45,165.67,80167,13281505.15,1660,43363,54.09
EMMBI,EQ,18-Apr-17,164.45,164.5,170,163.6,165.5,164.3,167.34,50716,8486788.95,1368,36664,72.29
EMMBI,EQ,19-Apr-17,164.3,163.8,167.9,163.8,165,165.45,165.45,25120,4156046.85,593,19381,77.15
EMMBI,EQ,20-Apr-17,165.45,165.5,175.1,165.5,173.9,173,173.04,87364,15117525.25,1857,53413,61.14
EMMBI,EQ,21-Apr-17,173,173.3,175.95,170.65,171.2,173.25,173.4,43527,7547487.65,1087,28105,64.57
EMMBI,EQ,24-Apr-17,173.25,172.95,174.6,171.25,171.9,172.05,172.57,20217,3488842.75,571,14463,71.54
EMMBI,EQ,25-Apr-17,172.05,171.8,172.3,165.6,169.4,168.7,169.06,31900,5392878.5,927,22809,71.5
EMMBI,EQ,26-Apr-17,168.7,169.6,169.6,162.65,164.3,164.5,166.19,40927,6801474.7,792,33435,81.69
EMMBI,EQ,27-Apr-17,164.5,160.2,165,160.2,163,162,163,27174,4429274.55,471,21828,80.33
EMMBI,EQ,28-Apr-17,162,161.95,164.95,161.95,163.95,163.75,163.05,13414,2187190,358,10161,75.75
EMMBI,EQ,2-May-17,163.75,166.95,168.35,161,165.8,166.45,164.48,16743,2753911.55,942,12458,74.41
EMMBI,EQ,3-May-17,166.45,167,170,164,169.4,169.35,167.15,23193,3876780.25,1171,15849,68.34
EMMBI,EQ,4-May-17,169.35,168.5,169.5,166.5,168,167.6,167.73,17074,2863841.3,647,9094,53.26
EMMBI,EQ,5-May-17,167.6,167.1,168,164.5,166,166.25,166.56,19827,3302456.85,731,15934,80.37
EMMBI,EQ,8-May-17,166.25,165.5,170,161.8,166.1,166.5,167.16,41336,6909863.35,1181,31795,76.92
EMMBI,EQ,9-May-17,166.5,166.5,167.5,164.6,166.15,166.65,165.78,18804,3117408.75,726,13716,72.94
EMMBI,EQ,10-May-17,166.65,166.05,168,165,166.9,166.55,166.2,16531,2747430,638,11740,71.02
EMMBI,EQ,11-May-17,166.55,168.8,168.8,162.5,166,165.25,164.75,14751,2430199.15,609,10213,69.24
EMMBI,EQ,12-May-17,165.25,165.05,165.95,163.5,165,165,164.7,11394,1876647.85,338,9933,87.18
EMMBI,EQ,15-May-17,165,165.05,168.8,164.25,166,165.55,166.29,14436,2400530.05,439,9137,63.29
EMMBI,EQ,16-May-17,165.55,166.9,167,159,159.3,159.85,161.5,16177,2612523.2,549,12791,79.07
EMMBI,EQ,17-May-17,159.85,160.95,165,159,164,164.25,161.82,23363,3780510.8,878,15864,67.9
EMMBI,EQ,18-May-17,164.25,164,168,163.5,166.05,166.9,165.42,28298,4681047.85,393,26644,94.16
EMMBI,EQ,19-May-17,166.9,166,172,165,171.7,171.55,169.79,51461,8737474.4,1626,35427,68.84
EMMBI,EQ,22-May-17,171.55,173,175.05,166.6,171,171.2,171.11,47506,8128895.75,1758,25777,54.26
EMMBI,EQ,23-May-17,171.2,171.9,175,158,175,174.55,173.01,93377,16155065.95,2461,58495,62.64
EMMBI,EQ,24-May-17,174.55,174.05,190.35,173.6,184.05,184.7,183.79,181678,33390908.25,4807,51641,28.42
EMMBI,EQ,25-May-17,184.7,184.05,199.4,180.15,197.5,196.85,193.6,155539,30113083.65,4418,54405,34.98
EMMBI,EQ,26-May-17,196.85,198.45,206,194.5,201,201.5,201.65,117225,23638310.4,3409,39655,33.83
EMMBI,EQ,29-May-17,201.5,203.4,209.75,196.25,204.2,205,203.62,92259,18786000.05,2946,37189,40.31
EMMBI,EQ,30-May-17,205,200.5,206,199.65,203,204.6,203.35,50035,10174447,2485,18895,37.76
EMMBI,EQ,31-May-17,204.6,205.95,205.95,198.5,202,200.55,202.46,63051,12765512.4,1732,31497,49.95
EMMBI,EQ,1-Jun-17,200.55,202,203,198,199.85,199.65,200.33,44625,8939717.05,1947,21243,47.6
EMMBI,EQ,2-Jun-17,199.65,201.05,201.9,195,196,196.45,198.74,17565,3490846.1,483,8812,50.17
EMMBI,EQ,5-Jun-17,196.45,195.7,198.9,188.05,189.95,189.85,192.26,32606,6268891.8,858,19464,59.69
EMMBI,EQ,6-Jun-17,189.85,190,192.9,180.1,183,181.5,185.15,44283,8199106.9,1155,25261,57.04
EMMBI,EQ,7-Jun-17,181.5,181.5,193,181.5,193,190.5,187.39,17351,3251408.2,559,7732,44.56
EMMBI,EQ,8-Jun-17,190.5,191.85,203.95,187.55,192.5,190.8,192.77,10049,1937151.6,416,4967,49.43
EMMBI,EQ,9-Jun-17,190.8,195,195,190,193,192.45,192.36,9777,1880655.65,252,6296,64.4
EMMBI,EQ,12-Jun-17,192.45,192.45,194.85,188.1,189.25,189.9,190.87,40294,7691055.4,2054,22886,56.8
EMMBI,EQ,13-Jun-17,189.9,189.5,192.45,188.2,189,189.6,190.06,33451,6357832.45,1916,18258,54.58
EMMBI,EQ,14-Jun-17,189.6,190.05,195,189.05,189.1,189.95,191.22,34688,6633134.85,1747,17472,50.37
EMMBI,EQ,15-Jun-17,189.95,189.65,192.9,188.05,188.75,189.8,190.19,24592,4677118.05,1324,18700,76.04
EMMBI,EQ,16-Jun-17,189.8,189.1,191.85,187.45,190.5,190,189.95,28745,5460194.05,1534,19397,67.48
EMMBI,EQ,19-Jun-17,190,193.5,193.5,187.1,190,189,189.9,21772,4134599.25,1305,14435,66.3
EMMBI,EQ,20-Jun-17,189,192.9,192.95,183.55,188,188.3,188.02,23751,4465750.3,509,16373,68.94
EMMBI,EQ,21-Jun-17,188.3,188,191.95,183,185,184.7,185.88,73485,13659443.85,2172,47837,65.1
EMMBI,EQ,22-Jun-17,184.7,186.9,188.95,184.45,187.8,186.65,186.18,11428,2127697.25,357,5572,48.76
EMMBI,EQ,23-Jun-17,186.65,185.35,189.7,182.05,188,188.7,186.29,27195,5066115.15,1312,14265,52.45
EMMBI,EQ,27-Jun-17,188.7,189.8,189.8,183,187,186.2,185.55,15911,2952282.45,900,9112,57.27
EMMBI,EQ,28-Jun-17,186.2,186.05,186.25,180.5,186,183.35,183.91,10721,1971703.05,680,7441,69.41
EMMBI,EQ,29-Jun-17,183.35,187.25,188.8,183.65,187,185.9,186.03,14370,2673194.1,724,6928,48.21
EMMBI,EQ,30-Jun-17,185.9,186.9,189.9,185.1,188.3,188,188.22,6844,1288145.65,610,4028,58.85
EMMBI,EQ,3-Jul-17,188,189.5,193,185.95,188,187,189.02,16762,3168307.95,835,11129,66.39
EMMBI,EQ,4-Jul-17,187,187.9,195.8,187.9,189.9,189.8,191.79,58237,11169316.4,1244,39795,68.33
EMMBI,EQ,5-Jul-17,189.8,193.8,193.8,187.1,188,188.8,190.03,14477,2751038.05,731,8796,60.76
EMMBI,EQ,6-Jul-17,188.8,191.95,195,187.05,193,189.95,190.82,53713,10249775.55,1271,41116,76.55
EMMBI,EQ,7-Jul-17,189.95,194,194,187.05,190.95,189.85,190.11,31877,6060285.15,718,23377,73.34
EMMBI,EQ,10-Jul-17,189.85,190.05,194.85,187.5,191,189.75,190.63,12340,2352322.1,434,8568,69.43
EMMBI,EQ,11-Jul-17,189.75,193,196,188.75,190,189.8,191.25,33937,6490477,1137,20996,61.87
EMMBI,EQ,12-Jul-17,189.8,193.7,193.7,188,189,189.05,189.97,12627,2398726.95,749,5170,40.94
EMMBI,EQ,13-Jul-17,189.05,191.95,204.7,188.05,193.8,192.9,195.66,79057,15468206.1,1334,36018,45.56
EMMBI,EQ,14-Jul-17,192.9,192,196.75,189.5,193,192.25,192.4,34059,6552901.3,578,19317,56.72
EMMBI,EQ,17-Jul-17,192.25,193,193.15,187,189.75,190.65,190.3,22761,4331493.4,557,15620,68.63
EMMBI,EQ,18-Jul-17,190.65,194.5,194.5,185,188,187.2,188.5,27168,5121187.4,580,21084,77.61
EMMBI,EQ,19-Jul-17,187.2,188.4,189.95,187,189,189.5,188.99,5575,1053645,180,4025,72.2
EMMBI,EQ,20-Jul-17,189.5,189.1,194.8,184,185,185.85,188.41,56262,10600379.65,1182,39299,69.85
EMMBI,EQ,21-Jul-17,185.85,187.4,189.15,185.4,186,186.35,186.53,18141,3383821.7,313,12703,70.02
EMMBI,EQ,24-Jul-17,186.35,186.05,187.05,184,185.15,185.9,185.62,8764,1626807.75,458,5438,62.05
EMMBI,EQ,25-Jul-17,185.9,185.2,185.85,182.45,184,183.9,183.86,21342,3923890.45,255,18526,86.81
EMMBI,EQ,26-Jul-17,183.9,188,188,176.15,182,182.45,181.48,82166,14911094.55,1371,53831,65.51
EMMBI,EQ,27-Jul-17,182.45,180.05,184.4,177.5,183,181.8,181.1,28096,5088178.9,1002,16103,57.31
EMMBI,EQ,28-Jul-17,181.8,181.5,192,180.1,191,191.1,188.14,42158,7931551.15,951,34924,82.84
EMMBI,EQ,31-Jul-17,191.1,192.9,196.4,188.35,195,195.5,194.33,21782,4232794.95,798,13995,64.25
EMMBI,EQ,1-Aug-17,195.5,192.1,196,189,194.1,195.1,192.92,11053,2132331.85,490,6545,59.21
EMMBI,EQ,2-Aug-17,195.1,193.05,195,190.25,192.35,193.05,193.24,11724,2265514.25,956,6209,52.96
EMMBI,EQ,3-Aug-17,193.05,193.05,194,189,193.85,193.7,191.89,10189,1955216.25,498,5876,57.67
EMMBI,EQ,4-Aug-17,193.7,193.5,193.5,189.1,192,191.4,190.91,9124,1741887.15,389,5014,54.95
EMMBI,EQ,7-Aug-17,191.4,191.3,191.3,187.5,190,188.9,189.04,17528,3313463.1,609,11818,67.42
EMMBI,EQ,8-Aug-17,188.9,190,194.7,184.1,194.7,191,188.44,26691,5029679.65,2998,15025,56.29
EMMBI,EQ,9-Aug-17,191,188,194.5,186,192,190.05,189.27,15698,2971104.05,558,10620,67.65
EMMBI,EQ,10-Aug-17,190.05,190,190.95,181.5,183.4,184.85,185.11,82310,15236399.95,1240,70559,85.72
EMMBI,EQ,11-Aug-17,184.85,183.95,184,173.65,181.5,181.15,179.54,20701,3716726.9,470,12000,57.97
EMMBI,EQ,14-Aug-17,181.15,186,188.5,181.25,182,182.9,184.15,8413,1549243.55,333,5032,59.81
EMMBI,EQ,16-Aug-17,182.9,185.9,189,179.5,183.5,181.45,182.7,123121,22493798.4,2204,77067,62.59
EMMBI,EQ,17-Aug-17,181.45,181.35,183.5,178.1,183,181,180.51,26156,4721443.4,828,16215,61.99
EMMBI,EQ,18-Aug-17,181,182,185,179.1,183,184.25,181.92,14464,2631311.2,991,9409,65.05
EMMBI,EQ,21-Aug-17,184.25,184,187.55,182.45,183,184.6,184.59,12523,2311563.6,479,9306,74.31
EMMBI,EQ,22-Aug-17,184.6,183.5,190.9,180.5,190.9,187.85,184.9,31495,5823360.4,902,21664,68.79
EMMBI,EQ,23-Aug-17,187.85,187.9,190.8,183.2,190.3,186.7,185.67,53765,9982755.3,1009,32042,59.6
EMMBI,EQ,24-Aug-17,186.7,188.85,190.5,185.5,190.5,189.8,188.62,6588,1242600.1,476,3442,52.25
EMMBI,EQ,28-Aug-17,189.8,189.1,195,187.2,195,192.6,192.2,17874,3435447.45,527,13613,76.16
EMMBI,EQ,29-Aug-17,192.6,190.05,192.95,187,189,189.9,189.75,17785,3374760.85,584,11439,64.32
EMMBI,EQ,30-Aug-17,189.9,190.9,195,188.45,194.95,192.85,191.87,26027,4993840.4,924,16695,64.14
EMMBI,EQ,31-Aug-17,192.85,192.85,194.95,190.85,192,192.55,192.44,6210,1195024.3,177,4560,73.43
EMMBI,EQ,1-Sep-17,192.55,193.55,194.1,191.85,194.1,193.55,193.55,8558,1656396.15,144,7527,87.95
EMMBI,EQ,4-Sep-17,193.55,193.05,193.1,191.1,193.1,192.9,192.33,5368,1032417.1,440,4123,76.81
EMMBI,EQ,5-Sep-17,192.9,194.4,194.4,189.5,191,191.4,190.9,13408,2559635.9,730,7108,53.01
EMMBI,EQ,6-Sep-17,191.4,190.5,192.5,189.1,192,191.85,191.05,8778,1677025.85,564,6431,73.26
EMMBI,EQ,7-Sep-17,191.85,191.05,194,190.5,192,191.8,191.75,8486,1627150.55,573,5314,62.62
